date,pm25
2014-01-02,
2014-01-03,
2014-01-04,
2014-01-05,
2014-01-06,
2014-01-07,
2014-01-08,176.14285714285714
2014-01-09,167.57142857142858
2014-01-10,149.57142857142858
2014-01-11,154.28571428571428
2014-01-12,155.0
2014-01-13,141.85714285714286
2014-01-14,139.85714285714286
2014-01-15,141.57142857142858
2014-01-16,167.85714285714286
2014-01-17,221.28571428571428
2014-01-18,231.0
2014-01-19,219.0
2014-01-20,234.57142857142858
2014-01-21,213.42857142857142
2014-01-22,199.85714285714286
2014-01-23,194.42857142857142
2014-01-24,176.28571428571428
2014-01-25,175.28571428571428
2014-01-26,170.14285714285714
2014-01-27,161.14285714285714
2014-01-28,177.57142857142858
2014-01-29,179.57142857142858
2014-01-30,179.14285714285714
2014-01-31,148.71428571428572
2014-02-01,148.57142857142858
2014-02-02,164.71428571428572
2014-02-03,164.0
2014-02-04,146.0
2014-02-05,139.42857142857142
2014-02-06,134.71428571428572
2014-02-07,145.57142857142858
2014-02-08,139.14285714285714
2014-02-09,124.42857142857143
2014-02-10,115.0
2014-02-11,121.14285714285714
2014-02-12,139.57142857142858
2014-02-13,143.85714285714286
2014-02-14,152.28571428571428
2014-02-15,174.71428571428572
2014-02-16,217.57142857142858
2014-02-17,256.2857142857143
2014-02-18,268.7142857142857
2014-02-19,262.42857142857144
2014-02-20,253.14285714285714
2014-02-21,259.0
2014-02-22,265.57142857142856
2014-02-23,262.57142857142856
2014-02-24,264.85714285714283
2014-02-25,298.7142857142857
2014-02-26,343.57142857142856
2014-02-27,383.7142857142857
2014-02-28,350.14285714285717
2014-03-01,320.2857142857143
2014-03-02,285.2857142857143
2014-03-03,266.7142857142857
2014-03-04,252.0
2014-03-05,199.57142857142858
2014-03-06,150.57142857142858
2014-03-07,149.85714285714286
2014-03-08,144.42857142857142
2014-03-09,156.57142857142858
2014-03-10,153.71428571428572
2014-03-11,136.28571428571428
2014-03-12,158.85714285714286
2014-03-13,156.42857142857142
2014-03-14,158.0
2014-03-15,149.57142857142858
2014-03-16,142.85714285714286
2014-03-17,142.85714285714286
2014-03-18,138.85714285714286
2014-03-19,117.85714285714286
2014-03-20,128.28571428571428
2014-03-21,123.85714285714286
2014-03-22,124.71428571428571
2014-03-23,117.71428571428571
2014-03-24,120.42857142857143
2014-03-25,141.57142857142858
2014-03-26,166.14285714285714
2014-03-27,197.57142857142858
2014-03-28,237.42857142857142
2014-03-29,255.85714285714286
2014-03-30,250.42857142857142
2014-04-01,249.57142857142858
2014-04-02,233.14285714285714
2014-04-03,204.57142857142858
2014-04-04,167.57142857142858
2014-04-05,132.42857142857142
2014-04-06,122.57142857142857
2014-04-07,133.42857142857142
2014-04-08,136.28571428571428
2014-04-09,140.14285714285714
2014-04-10,153.42857142857142
2014-04-11,160.0
2014-04-12,175.42857142857142
2014-04-13,185.14285714285714
2014-04-14,203.85714285714286
2014-04-15,193.85714285714286
2014-04-16,185.14285714285714
2014-04-17,186.71428571428572
2014-04-18,195.57142857142858
2014-04-19,190.85714285714286
2014-04-20,181.57142857142858
2014-04-21,156.42857142857142
2014-04-22,157.57142857142858
2014-04-23,163.57142857142858
2014-04-24,163.0
2014-04-25,161.14285714285714
2014-04-26,155.57142857142858
2014-04-27,155.71428571428572
2014-04-28,159.14285714285714
2014-04-29,161.57142857142858
2014-04-30,161.0
2014-05-01,162.42857142857142
2014-05-02,150.71428571428572
2014-05-03,157.14285714285714
2014-05-04,154.42857142857142
2014-05-05,150.71428571428572
2014-05-06,150.0
2014-05-07,145.71428571428572
2014-05-08,142.71428571428572
2014-05-09,149.28571428571428
2014-05-10,147.28571428571428
2014-05-11,142.85714285714286
2014-05-12,142.71428571428572
2014-05-13,137.57142857142858
2014-05-14,126.28571428571429
2014-05-15,124.0
2014-05-16,124.85714285714286
2014-05-17,126.14285714285714
2014-05-18,137.14285714285714
2014-05-19,145.14285714285714
2014-05-20,145.57142857142858
2014-05-21,159.85714285714286
2014-05-22,167.85714285714286
2014-05-23,167.85714285714286
2014-05-24,170.28571428571428
2014-05-25,164.42857142857142
2014-05-26,148.42857142857142
2014-05-27,140.57142857142858
2014-05-28,128.28571428571428
2014-05-29,115.28571428571429
2014-05-30,116.57142857142857
2014-05-31,118.42857142857143
2014-06-01,119.28571428571429
2014-06-02,124.0
2014-06-03,128.71428571428572
2014-06-04,137.28571428571428
2014-06-05,142.28571428571428
2014-06-06,134.57142857142858
2014-06-07,114.71428571428571
2014-06-08,111.57142857142857
2014-06-09,111.42857142857143
2014-06-10,117.57142857142857
2014-06-11,112.0
2014-06-12,103.0
2014-06-13,105.14285714285714
2014-06-14,114.71428571428571
2014-06-15,124.71428571428571
2014-06-16,139.0
2014-06-17,137.57142857142858
2014-06-18,142.42857142857142
2014-06-19,157.28571428571428
2014-06-20,154.71428571428572
2014-06-21,159.57142857142858
2014-06-22,147.0
2014-06-23,129.42857142857142
2014-06-24,127.57142857142857
2014-06-25,131.14285714285714
2014-06-26,131.14285714285714
2014-06-27,124.28571428571429
2014-06-28,113.28571428571429
2014-06-29,117.42857142857143
2014-06-30,129.0
2014-07-01,134.71428571428572
2014-07-02,131.28571428571428
2014-07-03,140.28571428571428
2014-07-04,168.14285714285714
2014-07-05,185.28571428571428
2014-07-06,202.57142857142858
2014-07-07,209.71428571428572
2014-07-08,205.42857142857142
2014-07-09,196.0
2014-07-10,172.28571428571428
2014-07-11,148.28571428571428
2014-07-12,128.71428571428572
2014-07-13,103.57142857142857
2014-07-14,87.57142857142857
2014-07-15,84.71428571428571
2014-07-16,99.42857142857143
2014-07-17,114.42857142857143
2014-07-18,128.57142857142858
2014-07-19,142.85714285714286
2014-07-20,154.57142857142858
2014-07-21,153.57142857142858
2014-07-22,143.0
2014-07-23,127.71428571428571
2014-07-24,120.71428571428571
2014-07-25,114.42857142857143
2014-07-26,117.42857142857143
2014-07-27,120.42857142857143
2014-07-28,133.14285714285714
2014-07-29,151.28571428571428
2014-07-30,168.14285714285714
2014-07-31,180.57142857142858
2014-08-01,187.71428571428572
2014-08-02,187.71428571428572
2014-08-03,189.0
2014-08-04,175.85714285714286
2014-08-05,159.85714285714286
2014-08-06,144.85714285714286
2014-08-07,132.28571428571428
2014-08-08,124.28571428571429
2014-08-09,122.28571428571429
2014-08-10,109.57142857142857
2014-08-11,108.14285714285714
2014-08-12,110.57142857142857
2014-08-13,110.0
2014-08-14,101.57142857142857
2014-08-15,96.14285714285714
2014-08-16,93.71428571428571
2014-08-17,97.28571428571429
2014-08-18,106.85714285714286
2014-08-19,117.28571428571429
2014-08-20,129.85714285714286
2014-08-21,144.57142857142858
2014-08-22,146.14285714285714
2014-08-23,153.0
2014-08-24,145.14285714285714
2014-08-25,133.14285714285714
2014-08-26,120.57142857142857
2014-08-27,114.71428571428571
2014-08-28,111.57142857142857
2014-08-29,118.85714285714286
2014-08-30,121.28571428571429
2014-08-31,136.57142857142858
2014-09-01,154.57142857142858
2014-09-02,156.28571428571428
2014-09-03,144.57142857142858
2014-09-04,136.85714285714286
2014-09-05,137.28571428571428
2014-09-06,135.42857142857142
2014-09-07,140.14285714285714
2014-09-08,120.14285714285714
2014-09-09,123.71428571428571
2014-09-10,137.42857142857142
2014-09-11,145.71428571428572
2014-09-12,144.14285714285714
2014-09-13,137.71428571428572
2014-09-14,124.71428571428571
2014-09-15,127.71428571428571
2014-09-16,128.57142857142858
2014-09-17,125.0
2014-09-18,121.42857142857143
2014-09-19,123.14285714285714
2014-09-20,129.71428571428572
2014-09-21,139.57142857142858
2014-09-22,155.71428571428572
2014-09-23,159.57142857142858
2014-09-24,155.14285714285714
2014-09-25,161.14285714285714
2014-09-26,165.42857142857142
2014-09-27,151.85714285714286
2014-09-28,148.14285714285714
2014-09-29,139.57142857142858
2014-09-30,130.71428571428572
2014-10-01,141.71428571428572
2014-10-02,135.28571428571428
2014-10-03,134.42857142857142
2014-10-04,144.57142857142858
2014-10-05,136.42857142857142
2014-10-06,132.85714285714286
2014-10-07,150.57142857142858
2014-10-08,176.57142857142858
2014-10-09,215.57142857142858
2014-10-10,241.85714285714286
2014-10-11,254.71428571428572
2014-10-12,245.0
2014-10-13,238.14285714285714
2014-10-14,226.0
2014-10-15,192.0
2014-10-16,147.85714285714286
2014-10-17,119.57142857142857
2014-10-18,118.57142857142857
2014-10-19,162.85714285714286
2014-10-20,195.14285714285714
2014-10-21,194.85714285714286
2014-10-22,203.28571428571428
2014-10-23,216.42857142857142
2014-10-24,234.42857142857142
2014-10-25,256.42857142857144
2014-10-27,226.14285714285714
2014-10-28,200.71428571428572
2014-10-29,206.0
2014-10-30,209.71428571428572
2014-10-31,215.71428571428572
2014-11-01,206.14285714285714
2014-11-02,162.0
2014-11-03,148.57142857142858
2014-11-04,146.71428571428572
2014-11-05,152.57142857142858
2014-11-06,142.0
2014-11-07,114.14285714285714
2014-11-08,99.0
2014-11-09,108.28571428571429
2014-11-10,123.71428571428571
2014-11-11,134.42857142857142
2014-11-12,119.71428571428571
2014-11-13,106.42857142857143
2014-11-14,111.28571428571429
2014-11-15,108.71428571428571
2014-11-16,118.28571428571429
2014-11-17,122.71428571428571
2014-11-18,111.28571428571429
2014-11-19,121.57142857142857
2014-11-20,170.14285714285714
2014-11-21,216.42857142857142
2014-11-22,236.57142857142858
2014-11-23,218.14285714285714
2014-11-24,221.0
2014-11-25,233.0
2014-11-26,242.85714285714286
2014-11-27,239.85714285714286
2014-11-28,200.28571428571428
2014-11-29,188.28571428571428
2014-11-30,224.14285714285714
2014-12-01,217.57142857142858
2014-12-02,202.85714285714286
2014-12-03,186.0
2014-12-04,145.71428571428572
2014-12-05,133.0
2014-12-06,119.57142857142857
2014-12-07,89.14285714285714
2014-12-08,85.42857142857143
2014-12-09,95.14285714285714
2014-12-10,133.71428571428572
2014-12-11,153.14285714285714
2014-12-12,158.14285714285714
2014-12-13,154.57142857142858
2014-12-14,150.85714285714286
2014-12-15,158.71428571428572
2014-12-16,159.85714285714286
2014-12-17,111.57142857142857
2014-12-18,106.14285714285714
2014-12-19,127.57142857142857
2014-12-20,137.42857142857142
2014-12-21,127.42857142857143
2014-12-22,111.14285714285714
2014-12-23,116.85714285714286
2014-12-24,134.85714285714286
2014-12-25,119.57142857142857
2014-12-26,99.57142857142857
2014-12-27,114.71428571428571
2014-12-28,150.0
2014-12-29,177.85714285714286
2015-01-02,173.14285714285714
2015-01-03,166.42857142857142
2015-01-04,194.71428571428572
2015-01-05,219.85714285714286
2015-01-06,209.0
2015-01-07,181.57142857142858
2015-01-08,166.57142857142858
2015-01-09,178.71428571428572
2015-01-10,182.28571428571428
2015-01-11,181.28571428571428
2015-01-12,155.71428571428572
2015-01-13,159.85714285714286
2015-01-14,180.28571428571428
2015-01-15,200.0
2015-01-16,224.85714285714286
2015-01-17,224.14285714285714
2015-01-18,206.28571428571428
2015-01-19,214.28571428571428
2015-01-20,205.42857142857142
2015-01-21,195.42857142857142
2015-01-22,162.57142857142858
2015-01-23,130.71428571428572
2015-01-24,149.71428571428572
2015-01-25,155.0
2015-01-26,162.71428571428572
2015-01-27,165.28571428571428
2015-01-28,150.57142857142858
2015-01-29,156.42857142857142
2015-01-30,148.85714285714286
2015-01-31,115.85714285714286
2015-02-01,105.42857142857143
2015-02-02,100.0
2015-02-03,111.0
2015-02-04,125.42857142857143
2015-02-05,117.71428571428571
2015-02-06,111.42857142857143
2015-02-07,126.71428571428571
2015-02-08,120.42857142857143
2015-02-09,108.85714285714286
2015-02-10,104.85714285714286
2015-02-11,109.42857142857143
2015-02-12,117.42857142857143
2015-02-13,119.57142857142857
2015-02-14,127.0
2015-02-15,166.28571428571428
2015-02-16,205.14285714285714
2015-02-17,202.57142857142858
2015-02-18,184.85714285714286
2015-02-19,183.71428571428572
2015-02-20,206.28571428571428
2015-02-21,205.28571428571428
2015-02-22,190.14285714285714
2015-02-23,156.42857142857142
2015-02-24,148.85714285714286
2015-02-25,170.0
2015-02-26,172.71428571428572
2015-02-27,145.14285714285714
2015-02-28,128.0
2015-03-01,127.42857142857143
2015-03-02,127.14285714285714
2015-03-03,129.0
2015-03-04,101.57142857142857
2015-03-05,95.42857142857143
2015-03-06,113.0
2015-03-07,137.85714285714286
2015-03-08,148.85714285714286
2015-03-09,157.71428571428572
2015-03-10,144.14285714285714
2015-03-11,151.0
2015-03-12,156.42857142857142
2015-03-13,153.14285714285714
2015-03-14,135.42857142857142
2015-03-15,120.0
2015-03-16,122.85714285714286
2015-03-17,155.85714285714286
2015-03-18,182.0
2015-03-19,183.42857142857142
2015-03-20,185.28571428571428
2015-03-21,183.57142857142858
2015-03-22,168.0
2015-03-23,151.28571428571428
2015-03-24,128.28571428571428
2015-03-25,114.28571428571429
2015-03-26,124.0
2015-03-27,124.57142857142857
2015-03-28,133.0
2015-03-29,147.28571428571428
2015-03-30,167.0
2015-03-31,180.57142857142858
2015-04-01,175.85714285714286
2015-04-02,165.14285714285714
2015-04-03,152.85714285714286
2015-04-04,147.57142857142858
2015-04-05,140.85714285714286
2015-04-06,121.57142857142857
2015-04-07,104.28571428571429
2015-04-08,110.0
2015-04-09,124.57142857142857
2015-04-10,145.14285714285714
2015-04-11,156.28571428571428
2015-04-12,148.28571428571428
2015-04-13,151.85714285714286
2015-04-14,162.57142857142858
2015-04-15,168.28571428571428
2015-04-16,151.57142857142858
2015-04-17,140.42857142857142
2015-04-18,137.85714285714286
2015-04-19,148.42857142857142
2015-04-20,156.0
2015-04-21,154.85714285714286
2015-04-22,143.28571428571428
2015-04-23,148.85714285714286
2015-04-24,147.57142857142858
2015-04-25,143.14285714285714
2015-04-26,149.42857142857142
2015-04-27,152.0
2015-04-28,149.71428571428572
2015-04-29,157.28571428571428
2015-04-30,163.42857142857142
2015-05-01,170.71428571428572
2015-05-02,164.0
2015-05-03,154.28571428571428
2015-05-04,139.71428571428572
2015-05-05,139.42857142857142
2015-05-06,123.42857142857143
2015-05-07,117.71428571428571
2015-05-08,106.71428571428571
2015-05-09,105.28571428571429
2015-05-10,106.0
2015-05-11,109.0
2015-05-12,100.71428571428571
2015-05-13,112.85714285714286
2015-05-14,103.85714285714286
2015-05-15,99.28571428571429
2015-05-16,101.85714285714286
2015-05-17,111.85714285714286
2015-05-18,117.0
2015-05-19,115.0
2015-05-20,100.42857142857143
2015-05-21,104.42857142857143
2015-05-22,112.57142857142857
2015-05-23,118.85714285714286
2015-05-24,118.57142857142857
2015-05-25,125.57142857142857
2015-05-26,141.71428571428572
2015-05-27,158.42857142857142
2015-05-28,169.57142857142858
2015-05-29,170.57142857142858
2015-05-30,168.0
2015-05-31,162.57142857142858
2015-06-01,162.85714285714286
2015-06-02,154.14285714285714
2015-06-03,144.14285714285714
2015-06-04,136.14285714285714
2015-06-05,132.28571428571428
2015-06-06,122.0
2015-06-07,109.42857142857143
2015-06-08,92.71428571428571
2015-06-09,97.14285714285714
2015-06-10,104.0
2015-06-11,96.42857142857143
2015-06-12,83.85714285714286
2015-06-13,79.0
2015-06-14,79.14285714285714
2015-06-15,94.0
2015-06-16,99.0
2015-06-17,93.0
2015-06-18,92.28571428571429
2015-06-19,96.0
2015-06-20,100.71428571428571
2015-06-21,108.57142857142857
2015-06-22,108.28571428571429
2015-06-23,115.28571428571429
2015-06-24,124.14285714285714
2015-06-25,138.85714285714286
2015-06-26,155.14285714285714
2015-06-27,163.0
2015-06-28,172.28571428571428
2015-06-29,170.71428571428572
2015-06-30,146.42857142857142
2015-07-01,131.14285714285714
2015-07-02,110.85714285714286
2015-07-03,97.0
2015-07-04,89.85714285714286
2015-07-05,85.0
2015-07-06,83.85714285714286
2015-07-07,97.57142857142857
2015-07-08,113.42857142857143
2015-07-09,130.42857142857142
2015-07-10,135.28571428571428
2015-07-11,146.85714285714286
2015-07-12,150.14285714285714
2015-07-13,147.0
2015-07-14,141.14285714285714
2015-07-15,130.42857142857142
2015-07-16,124.42857142857143
2015-07-17,122.14285714285714
2015-07-18,115.28571428571429
2015-07-19,112.85714285714286
2015-07-20,119.14285714285714
2015-07-21,130.14285714285714
2015-07-22,136.14285714285714
2015-07-23,137.28571428571428
2015-07-24,142.28571428571428
2015-07-25,148.42857142857142
2015-07-26,151.71428571428572
2015-07-27,148.28571428571428
2015-07-28,140.14285714285714
2015-07-29,143.71428571428572
2015-07-30,142.57142857142858
2015-07-31,134.0
2015-08-01,133.14285714285714
2015-08-02,129.71428571428572
2015-08-03,128.42857142857142
2015-08-04,118.85714285714286
2015-08-05,117.57142857142857
2015-08-06,118.85714285714286
2015-08-07,131.28571428571428
2015-08-08,125.14285714285714
2015-08-09,122.42857142857143
2015-08-10,119.57142857142857
2015-08-11,135.42857142857142
2015-08-12,136.28571428571428
2015-08-13,145.71428571428572
2015-08-14,140.71428571428572
2015-08-15,135.57142857142858
2015-08-16,131.0
2015-08-17,138.0
2015-08-18,131.14285714285714
2015-08-19,127.71428571428571
2015-08-20,115.57142857142857
2015-08-21,105.14285714285714
2015-08-22,101.42857142857143
2015-08-23,97.42857142857143
2015-08-24,82.28571428571429
2015-08-25,73.57142857142857
2015-08-26,59.857142857142854
2015-08-27,52.714285714285715
2015-08-28,53.714285714285715
2015-08-29,57.714285714285715
2015-08-30,59.42857142857143
2015-08-31,65.0
2015-09-01,62.57142857142857
2015-09-02,61.42857142857143
2015-09-03,62.0
2015-09-04,73.0
2015-09-05,71.57142857142857
2015-09-06,68.14285714285714
2015-09-07,66.42857142857143
2015-09-08,79.71428571428571
2015-09-09,90.28571428571429
2015-09-10,88.57142857142857
2015-09-11,74.71428571428571
2015-09-12,69.0
2015-09-13,69.0
2015-09-14,78.14285714285714
2015-09-15,83.42857142857143
2015-09-16,95.14285714285714
2015-09-17,117.71428571428571
2015-09-18,133.28571428571428
2015-09-19,137.28571428571428
2015-09-20,151.85714285714286
2015-09-21,154.14285714285714
2015-09-22,155.57142857142858
2015-09-23,139.57142857142858
2015-09-24,135.14285714285714
2015-09-25,121.85714285714286
2015-09-26,125.71428571428571
2015-09-27,120.14285714285714
2015-09-28,114.28571428571429
2015-09-29,105.28571428571429
2015-09-30,104.42857142857143
2015-10-01,86.85714285714286
2015-10-02,89.28571428571429
2015-10-03,87.28571428571429
2015-10-04,94.85714285714286
2015-10-05,112.57142857142857
2015-10-06,142.14285714285714
2015-10-07,172.71428571428572
2015-10-08,170.85714285714286
2015-10-09,169.71428571428572
2015-10-10,163.0
2015-10-11,142.28571428571428
2015-10-12,113.71428571428571
2015-10-13,80.14285714285714
2015-10-14,65.0
2015-10-15,87.0
2015-10-16,114.57142857142857
2015-10-17,162.0
2015-10-18,176.42857142857142
2015-10-19,188.0
2015-10-20,198.0
2015-10-21,191.14285714285714
2015-10-22,178.14285714285714
2015-10-23,159.28571428571428
2015-10-24,127.14285714285714
2015-10-26,121.0
2015-10-27,116.0
2015-10-28,100.42857142857143
2015-10-29,86.14285714285714
2015-10-30,78.57142857142857
2015-10-31,71.28571428571429
2015-11-01,68.57142857142857
2015-11-02,76.85714285714286
2015-11-03,87.71428571428571
2015-11-04,111.57142857142857
2015-11-05,143.57142857142858
2015-11-06,162.0
2015-11-07,160.42857142857142
2015-11-08,152.57142857142858
2015-11-09,149.71428571428572
2015-11-10,154.57142857142858
2015-11-11,150.71428571428572
2015-11-12,140.42857142857142
2015-11-13,147.71428571428572
2015-11-14,175.42857142857142
2015-11-15,211.57142857142858
2015-11-16,231.14285714285714
2015-11-17,222.85714285714286
2015-11-18,214.28571428571428
2015-11-19,208.42857142857142
2015-11-20,201.0
2015-11-21,186.0
2015-11-22,158.85714285714286
2015-11-23,139.42857142857142
2015-11-24,131.14285714285714
2015-11-25,124.57142857142857
2015-11-26,120.28571428571429
2015-11-27,107.28571428571429
2015-11-28,127.71428571428571
2015-11-29,161.14285714285714
2015-11-30,185.85714285714286
2015-12-01,234.28571428571428
2015-12-02,291.7142857142857
2015-12-03,279.7142857142857
2015-12-04,274.42857142857144
2015-12-05,241.28571428571428
2015-12-06,205.85714285714286
2015-12-07,193.57142857142858
2015-12-08,166.85714285714286
2015-12-09,142.42857142857142
2015-12-10,183.57142857142858
2015-12-11,200.85714285714286
2015-12-12,206.57142857142858
2015-12-13,222.42857142857142
2015-12-14,228.0
2015-12-15,223.0
2015-12-16,181.42857142857142
2015-12-17,140.42857142857142
2015-12-18,134.42857142857142
2015-12-19,140.57142857142858
2015-12-20,141.14285714285714
2015-12-21,144.71428571428572
2015-12-22,157.42857142857142
2015-12-23,207.28571428571428
2015-12-24,248.28571428571428
2015-12-25,254.14285714285714
2015-12-26,308.57142857142856
2015-12-27,322.42857142857144
2015-12-28,300.14285714285717
2015-12-29,284.7142857142857
2015-12-30,282.7142857142857
2015-12-31,259.85714285714283
2016-01-01,254.85714285714286
2016-01-04,211.42857142857142
2016-01-05,178.0
2016-01-06,171.71428571428572
2016-01-07,156.28571428571428
2016-01-08,110.85714285714286
2016-01-09,99.71428571428571
2016-01-10,102.57142857142857
2016-01-11,88.85714285714286
2016-01-12,83.85714285714286
2016-01-13,79.71428571428571
2016-01-14,78.57142857142857
2016-01-15,92.71428571428571
2016-01-16,107.71428571428571
2016-01-17,114.14285714285714
2016-01-18,108.71428571428571
2016-01-19,107.42857142857143
2016-01-20,119.14285714285714
2016-01-21,139.57142857142858
2016-01-22,147.57142857142858
2016-01-23,128.42857142857142
2016-01-24,108.42857142857143
2016-01-25,102.85714285714286
2016-01-26,107.28571428571429
2016-01-27,100.57142857142857
2016-01-28,96.85714285714286
2016-01-29,99.85714285714286
2016-01-30,113.85714285714286
2016-01-31,123.85714285714286
2016-02-01,124.57142857142857
2016-02-02,122.14285714285714
2016-02-03,121.42857142857143
2016-02-04,110.71428571428571
2016-02-05,87.71428571428571
2016-02-06,72.85714285714286
2016-02-07,67.0
2016-02-08,75.57142857142857
2016-02-09,99.71428571428571
2016-02-10,104.57142857142857
2016-02-11,115.42857142857143
2016-02-12,138.0
2016-02-13,161.14285714285714
2016-02-14,157.0
2016-02-15,145.42857142857142
2016-02-16,119.28571428571429
2016-02-17,108.71428571428571
2016-02-18,99.28571428571429
2016-02-19,76.28571428571429
2016-02-20,54.714285714285715
2016-02-21,55.0
2016-02-22,74.28571428571429
2016-02-23,87.14285714285714
2016-02-24,88.42857142857143
2016-02-25,83.14285714285714
2016-02-26,85.28571428571429
2016-02-27,90.42857142857143
2016-02-28,93.57142857142857
2016-02-29,83.0
2016-03-01,78.42857142857143
2016-03-02,98.28571428571429
2016-03-03,120.14285714285714
2016-03-04,159.42857142857142
2016-03-05,199.85714285714286
2016-03-06,211.14285714285714
2016-03-07,220.14285714285714
2016-03-08,218.0
2016-03-09,197.57142857142858
2016-03-10,170.28571428571428
2016-03-11,127.28571428571429
2016-03-12,83.28571428571429
2016-03-13,87.0
2016-03-14,74.42857142857143
2016-03-15,84.85714285714286
2016-03-16,106.14285714285714
2016-03-17,140.85714285714286
2016-03-18,177.14285714285714
2016-03-19,201.71428571428572
2016-03-20,197.57142857142858
2016-03-21,207.71428571428572
2016-03-22,212.71428571428572
2016-03-23,211.42857142857142
2016-03-24,180.0
2016-03-25,144.14285714285714
2016-03-26,120.14285714285714
2016-03-27,104.85714285714286
2016-03-28,107.71428571428571
2016-03-29,88.85714285714286
2016-03-30,72.14285714285714
2016-03-31,92.0
2016-04-01,100.42857142857143
2016-04-02,94.14285714285714
2016-04-03,94.71428571428571
2016-04-04,93.14285714285714
2016-04-05,110.57142857142857
2016-04-06,127.0
2016-04-07,120.85714285714286
2016-04-08,115.42857142857143
2016-04-09,134.0
2016-04-10,147.28571428571428
2016-04-11,146.71428571428572
2016-04-12,143.28571428571428
2016-04-13,144.42857142857142
2016-04-14,134.71428571428572
2016-04-15,146.14285714285714
2016-04-16,135.14285714285714
2016-04-17,122.71428571428571
2016-04-18,109.71428571428571
2016-04-19,107.57142857142857
2016-04-20,101.0
2016-04-21,112.57142857142857
2016-04-22,104.14285714285714
2016-04-23,104.42857142857143
2016-04-24,119.0
2016-04-25,134.28571428571428
2016-04-26,137.14285714285714
2016-04-27,140.14285714285714
2016-04-28,138.42857142857142
2016-04-29,150.14285714285714
2016-04-30,168.57142857142858
2016-05-01,177.28571428571428
2016-05-02,175.0
2016-05-03,165.57142857142858
2016-05-04,153.0
2016-05-05,146.57142857142858
2016-05-06,138.14285714285714
2016-05-07,115.14285714285714
2016-05-08,106.57142857142857
2016-05-09,101.0
2016-05-10,104.28571428571429
2016-05-11,119.28571428571429
2016-05-12,113.0
2016-05-13,112.57142857142857
2016-05-14,121.28571428571429
2016-05-15,112.85714285714286
2016-05-16,109.28571428571429
2016-05-17,113.0
2016-05-18,107.71428571428571
2016-05-19,120.42857142857143
2016-05-20,128.14285714285714
2016-05-21,134.28571428571428
2016-05-22,140.28571428571428
2016-05-23,149.0
2016-05-24,140.14285714285714
2016-05-25,128.42857142857142
2016-05-26,121.0
2016-05-27,117.85714285714286
2016-05-28,113.0
2016-05-29,110.28571428571429
2016-05-30,112.85714285714286
2016-05-31,123.57142857142857
2016-06-01,132.57142857142858
2016-06-02,136.85714285714286
2016-06-03,139.57142857142858
2016-06-04,146.0
2016-06-05,150.57142857142858
2016-06-06,150.71428571428572
2016-06-07,148.0
2016-06-08,156.71428571428572
2016-06-09,162.0
2016-06-10,156.85714285714286
2016-06-11,139.42857142857142
2016-06-12,138.28571428571428
2016-06-13,133.14285714285714
2016-06-14,128.71428571428572
2016-06-15,109.71428571428571
2016-06-16,96.14285714285714
2016-06-17,90.28571428571429
2016-06-18,100.28571428571429
2016-06-19,100.71428571428571
2016-06-20,107.57142857142857
2016-06-21,118.14285714285714
2016-06-22,126.28571428571429
2016-06-23,135.28571428571428
2016-06-24,130.57142857142858
2016-06-25,121.42857142857143
2016-06-26,115.57142857142857
2016-06-27,110.42857142857143
2016-06-28,106.14285714285714
2016-06-29,115.14285714285714
2016-06-30,113.0
2016-07-01,112.42857142857143
2016-07-02,120.71428571428571
2016-07-03,127.71428571428571
2016-07-04,136.14285714285714
2016-07-05,138.0
2016-07-06,133.14285714285714
2016-07-07,138.85714285714286
2016-07-08,155.0
2016-07-09,160.85714285714286
2016-07-10,159.71428571428572
2016-07-11,153.85714285714286
2016-07-12,142.71428571428572
2016-07-13,130.85714285714286
2016-07-14,119.85714285714286
2016-07-15,111.71428571428571
2016-07-16,105.14285714285714
2016-07-17,106.42857142857143
2016-07-18,108.42857142857143
2016-07-19,121.42857142857143
2016-07-20,126.71428571428571
2016-07-21,122.0
2016-07-22,128.42857142857142
2016-07-23,138.0
2016-07-24,134.57142857142858
2016-07-25,125.28571428571429
2016-07-26,106.71428571428571
2016-07-27,110.57142857142857
2016-07-28,116.57142857142857
2016-07-29,119.85714285714286
2016-07-30,123.57142857142857
2016-07-31,123.57142857142857
2016-08-01,128.42857142857142
2016-08-02,137.85714285714286
2016-08-03,138.14285714285714
2016-08-04,146.85714285714286
2016-08-05,141.28571428571428
2016-08-06,137.0
2016-08-07,127.42857142857143
2016-08-08,120.28571428571429
2016-08-09,120.14285714285714
2016-08-10,124.14285714285714
2016-08-11,123.0
2016-08-12,120.71428571428571
2016-08-13,106.71428571428571
2016-08-14,105.71428571428571
2016-08-15,103.28571428571429
2016-08-16,97.28571428571429
2016-08-17,95.14285714285714
2016-08-18,95.42857142857143
2016-08-19,87.14285714285714
2016-08-20,94.42857142857143
2016-08-21,104.57142857142857
2016-08-22,109.85714285714286
2016-08-23,118.57142857142857
2016-08-24,121.0
2016-08-25,103.71428571428571
2016-08-26,100.14285714285714
2016-08-27,89.57142857142857
2016-08-28,76.71428571428571
2016-08-29,68.28571428571429
2016-08-30,61.857142857142854
2016-08-31,47.42857142857143
2016-09-01,45.714285714285715
2016-09-02,46.857142857142854
2016-09-03,49.142857142857146
2016-09-04,64.42857142857143
2016-09-05,67.85714285714286
2016-09-06,65.71428571428571
2016-09-07,73.71428571428571
2016-09-08,79.0
2016-09-09,80.71428571428571
2016-09-10,78.85714285714286
2016-09-11,71.0
2016-09-12,73.42857142857143
2016-09-13,86.71428571428571
2016-09-14,94.71428571428571
2016-09-15,108.28571428571429
2016-09-16,126.57142857142857
2016-09-17,134.14285714285714
2016-09-18,129.57142857142858
2016-09-19,122.14285714285714
2016-09-20,107.57142857142857
2016-09-21,105.57142857142857
2016-09-22,107.85714285714286
2016-09-23,108.85714285714286
2016-09-24,118.28571428571429
2016-09-25,141.28571428571428
2016-09-26,155.42857142857142
2016-09-27,156.0
2016-09-28,140.85714285714286
2016-09-29,135.0
2016-09-30,132.42857142857142
2016-10-01,137.71428571428572
2016-10-02,138.0
2016-10-03,143.71428571428572
2016-10-04,147.14285714285714
2016-10-05,160.85714285714286
2016-10-06,164.14285714285714
2016-10-07,156.42857142857142
2016-10-08,133.85714285714286
2016-10-09,116.57142857142857
2016-10-10,115.28571428571429
2016-10-11,128.42857142857142
2016-10-12,130.71428571428572
2016-10-13,139.85714285714286
2016-10-14,164.28571428571428
2016-10-15,192.71428571428572
2016-10-16,204.57142857142858
2016-10-17,200.57142857142858
2016-10-18,199.85714285714286
2016-10-19,216.0
2016-10-20,208.42857142857142
2016-10-21,185.42857142857142
2016-10-22,157.57142857142858
2016-10-23,143.57142857142858
2016-10-24,145.14285714285714
2016-10-25,145.42857142857142
2016-10-26,120.14285714285714
2016-10-27,110.42857142857143
2016-10-28,98.42857142857143
2016-10-29,102.85714285714286
2016-10-31,106.71428571428571
2016-11-01,90.28571428571429
2016-11-02,80.71428571428571
2016-11-03,93.71428571428571
2016-11-04,116.28571428571429
2016-11-05,153.0
2016-11-06,174.42857142857142
2016-11-07,179.85714285714286
2016-11-08,188.28571428571428
2016-11-09,187.0
2016-11-10,193.71428571428572
2016-11-11,185.71428571428572
2016-11-12,165.0
2016-11-13,154.42857142857142
2016-11-14,157.85714285714286
2016-11-15,156.71428571428572
2016-11-16,157.42857142857142
2016-11-17,150.42857142857142
2016-11-18,149.14285714285714
2016-11-19,162.14285714285714
2016-11-20,166.14285714285714
2016-11-21,160.28571428571428
2016-11-22,154.28571428571428
2016-11-23,144.14285714285714
2016-11-24,125.28571428571429
2016-11-25,117.71428571428571
2016-11-26,116.28571428571429
2016-11-27,137.57142857142858
2016-11-28,139.42857142857142
2016-11-29,154.71428571428572
2016-11-30,174.28571428571428
2016-12-01,187.42857142857142
2016-12-02,177.42857142857142
2016-12-03,168.57142857142858
2016-12-04,162.85714285714286
2016-12-05,189.0
2016-12-06,180.85714285714286
2016-12-07,179.57142857142858
2016-12-08,188.0
2016-12-09,198.0
2016-12-10,183.28571428571428
2016-12-11,158.71428571428572
2016-12-12,149.0
2016-12-13,174.28571428571428
2016-12-14,163.28571428571428
2016-12-15,144.85714285714286
2016-12-16,137.57142857142858
2016-12-17,153.71428571428572
2016-12-18,176.42857142857142
2016-12-19,181.28571428571428
2016-12-20,181.28571428571428
2016-12-21,227.0
2016-12-22,276.42857142857144
2016-12-23,283.0
2016-12-24,268.85714285714283
2016-12-25,256.7142857142857
2016-12-26,245.42857142857142
2016-12-27,223.0
2016-12-28,177.0
2016-12-29,134.71428571428572
2016-12-30,130.85714285714286
2016-12-31,164.42857142857142
2017-01-01,190.85714285714286
2017-01-02,229.71428571428572
2017-01-03,252.42857142857142
2017-01-04,295.0
2017-01-05,340.0
2017-01-06,365.2857142857143
2017-01-07,360.57142857142856
2017-01-08,341.2857142857143
2017-01-09,282.85714285714283
2017-01-10,254.85714285714286
2017-01-11,210.28571428571428
2017-01-12,169.14285714285714
2017-01-13,143.85714285714286
2017-01-14,108.57142857142857
2017-01-15,82.42857142857143
2017-01-16,89.14285714285714
2017-01-17,103.0
2017-01-18,121.85714285714286
2017-01-19,116.85714285714286
2017-01-20,117.42857142857143
2017-01-21,121.14285714285714
2017-01-22,123.85714285714286
2017-01-23,118.0
2017-01-24,107.28571428571429
2017-01-25,102.71428571428571
2017-01-26,121.28571428571429
2017-01-27,140.71428571428572
2017-01-28,146.14285714285714
2017-01-29,194.0
2017-01-30,196.42857142857142
2017-01-31,192.71428571428572
2017-02-01,191.57142857142858
2017-02-02,166.14285714285714
2017-02-03,155.28571428571428
2017-02-04,174.28571428571428
2017-02-05,163.71428571428572
2017-02-06,155.85714285714286
2017-02-07,151.0
2017-02-08,149.57142857142858
2017-02-09,152.71428571428572
2017-02-10,133.42857142857142
2017-02-11,105.14285714285714
2017-02-12,68.42857142857143
2017-02-13,92.42857142857143
2017-02-14,110.85714285714286
2017-02-15,122.71428571428571
2017-02-16,151.42857142857142
2017-02-17,170.14285714285714
2017-02-18,174.14285714285714
2017-02-19,186.28571428571428
2017-02-20,178.14285714285714
2017-02-21,159.71428571428572
2017-02-22,146.42857142857142
2017-02-23,125.28571428571429
2017-02-24,110.57142857142857
2017-02-25,112.42857142857143
2017-02-26,94.42857142857143
2017-02-27,83.57142857142857
2017-02-28,100.57142857142857
2017-03-01,87.85714285714286
2017-03-02,74.42857142857143
2017-03-03,81.42857142857143
2017-03-04,94.57142857142857
2017-03-05,112.0
2017-03-06,108.71428571428571
2017-03-07,95.42857142857143
2017-03-08,93.42857142857143
2017-03-09,93.57142857142857
2017-03-10,84.42857142857143
2017-03-11,72.71428571428571
2017-03-12,65.42857142857143
2017-03-13,64.0
2017-03-14,59.42857142857143
2017-03-15,62.0
2017-03-16,76.57142857142857
2017-03-17,96.42857142857143
2017-03-18,109.85714285714286
2017-03-19,121.85714285714286
2017-03-20,152.0
2017-03-21,175.28571428571428
2017-03-22,190.71428571428572
2017-03-23,196.71428571428572
2017-03-24,197.57142857142858
2017-03-25,193.85714285714286
2017-03-26,172.14285714285714
2017-03-27,142.42857142857142
2017-03-28,134.57142857142858
2017-03-29,136.85714285714286
2017-03-30,132.14285714285714
2017-03-31,114.71428571428571
2017-04-01,103.85714285714286
2017-04-02,118.85714285714286
2017-04-03,140.0
2017-04-04,146.57142857142858
2017-04-05,140.28571428571428
2017-04-06,142.14285714285714
2017-04-07,155.28571428571428
2017-04-08,165.28571428571428
2017-04-09,165.71428571428572
2017-04-10,158.57142857142858
2017-04-11,145.42857142857142
2017-04-12,140.85714285714286
2017-04-13,135.0
2017-04-14,134.0
2017-04-15,128.57142857142858
2017-04-16,127.28571428571429
2017-04-17,131.85714285714286
2017-04-18,129.0
2017-04-19,130.42857142857142
2017-04-20,129.14285714285714
2017-04-21,115.85714285714286
2017-04-22,116.42857142857143
2017-04-23,106.57142857142857
2017-04-24,97.71428571428571
2017-04-25,94.0
2017-04-26,84.57142857142857
2017-04-27,75.0
2017-04-28,76.28571428571429
2017-04-29,74.71428571428571
2017-04-30,85.57142857142857
2017-05-01,85.14285714285714
2017-05-02,97.57142857142857
2017-05-03,109.14285714285714
2017-05-04,155.85714285714286
2017-05-05,185.14285714285714
2017-05-06,184.57142857142858
2017-05-07,177.28571428571428
2017-05-08,181.71428571428572
2017-05-09,178.28571428571428
2017-05-10,175.0
2017-05-11,135.14285714285714
2017-05-12,111.0
2017-05-13,107.28571428571429
2017-05-14,99.42857142857143
2017-05-15,89.14285714285714
2017-05-16,87.85714285714286
2017-05-17,90.71428571428571
2017-05-18,98.85714285714286
2017-05-19,104.57142857142857
2017-05-20,112.85714285714286
2017-05-21,126.42857142857143
2017-05-22,131.42857142857142
2017-05-23,124.14285714285714
2017-05-24,114.14285714285714
2017-05-25,101.85714285714286
2017-05-26,97.0
2017-05-27,98.42857142857143
2017-05-28,102.85714285714286
2017-05-29,100.0
2017-05-30,107.71428571428571
2017-05-31,119.57142857142857
2017-06-01,119.85714285714286
2017-06-02,114.57142857142857
2017-06-03,106.85714285714286
2017-06-04,99.71428571428571
2017-06-05,107.85714285714286
2017-06-06,109.71428571428571
2017-06-07,105.28571428571429
2017-06-08,105.28571428571429
2017-06-09,108.14285714285714
2017-06-10,104.28571428571429
2017-06-11,99.28571428571429
2017-06-12,92.0
2017-06-13,90.0
2017-06-14,90.42857142857143
2017-06-15,93.28571428571429
2017-06-16,99.71428571428571
2017-06-17,113.0
2017-06-18,122.28571428571429
2017-06-19,122.42857142857143
2017-06-20,120.85714285714286
2017-06-21,121.28571428571429
2017-06-22,119.85714285714286
2017-06-23,110.28571428571429
2017-06-24,98.57142857142857
2017-06-25,90.28571428571429
2017-06-26,86.85714285714286
2017-06-27,92.28571428571429
2017-06-28,96.71428571428571
2017-06-29,102.71428571428571
2017-06-30,112.85714285714286
2017-07-01,125.28571428571429
2017-07-02,131.71428571428572
2017-07-03,139.28571428571428
2017-07-04,137.42857142857142
2017-07-05,138.0
2017-07-06,139.0
2017-07-07,132.42857142857142
2017-07-08,122.57142857142857
2017-07-09,125.0
2017-07-10,118.71428571428571
2017-07-11,119.0
2017-07-12,119.28571428571429
2017-07-13,117.71428571428571
2017-07-14,118.14285714285714
2017-07-15,120.0
2017-07-16,120.57142857142857
2017-07-17,128.42857142857142
2017-07-18,132.42857142857142
2017-07-19,137.28571428571428
2017-07-20,150.14285714285714
2017-07-21,146.0
2017-07-22,140.0
2017-07-23,131.14285714285714
2017-07-24,124.28571428571429
2017-07-25,114.42857142857143
2017-07-26,95.42857142857143
2017-07-27,78.42857142857143
2017-07-28,80.0
2017-07-29,82.71428571428571
2017-07-30,80.85714285714286
2017-07-31,89.85714285714286
2017-08-01,94.85714285714286
2017-08-02,98.42857142857143
2017-08-03,92.71428571428571
2017-08-04,91.28571428571429
2017-08-05,90.42857142857143
2017-08-06,85.57142857142857
2017-08-07,68.57142857142857
2017-08-08,64.14285714285714
2017-08-09,62.857142857142854
2017-08-10,75.42857142857143
2017-08-11,86.28571428571429
2017-08-12,88.71428571428571
2017-08-13,96.28571428571429
2017-08-14,102.71428571428571
2017-08-15,107.57142857142857
2017-08-16,114.57142857142857
2017-08-17,103.85714285714286
2017-08-18,102.14285714285714
2017-08-19,105.85714285714286
2017-08-20,112.28571428571429
2017-08-21,122.85714285714286
2017-08-22,126.42857142857143
2017-08-23,118.28571428571429
2017-08-24,115.28571428571429
2017-08-25,100.0
2017-08-26,89.85714285714286
2017-08-27,75.71428571428571
2017-08-28,61.42857142857143
2017-08-29,48.57142857142857
2017-08-30,57.0
2017-08-31,70.85714285714286
2017-09-01,94.0
2017-09-02,109.85714285714286
2017-09-03,120.0
2017-09-04,134.57142857142858
2017-09-05,139.85714285714286
2017-09-06,130.71428571428572
2017-09-11,114.57142857142857
2017-09-12,96.57142857142857
2017-09-13,94.14285714285714
2017-09-14,97.42857142857143
2017-09-15,94.0
2017-09-16,105.14285714285714
2017-09-17,103.0
2017-09-18,108.14285714285714
2017-09-19,105.0
2017-09-20,91.14285714285714
2017-09-21,90.0
2017-09-22,80.85714285714286
2017-09-23,75.42857142857143
2017-09-24,90.14285714285714
2017-09-25,100.14285714285714
2017-09-26,107.28571428571429
2017-09-27,111.85714285714286
2017-09-28,97.0
2017-09-29,104.0
2017-09-30,109.28571428571429
2017-10-01,104.14285714285714
2017-10-02,91.57142857142857
2017-10-03,85.28571428571429
2017-10-04,85.28571428571429
2017-10-05,97.14285714285714
2017-10-06,100.14285714285714
2017-10-07,101.14285714285714
2017-10-08,111.71428571428571
2017-10-09,116.71428571428571
2017-10-10,112.14285714285714
2017-10-11,107.14285714285714
2017-10-12,101.0
2017-10-13,97.71428571428571
2017-10-14,79.42857142857143
2017-10-15,70.0
2017-10-16,72.57142857142857
2017-10-17,91.0
2017-10-18,106.71428571428571
2017-10-19,116.42857142857143
2017-10-20,124.71428571428571
2017-10-21,138.0
2017-10-22,135.28571428571428
2017-10-23,132.71428571428572
2017-10-24,131.71428571428572
2017-10-25,134.71428571428572
2017-10-26,142.71428571428572
2017-10-27,149.57142857142858
2017-10-28,141.0
2017-10-30,130.28571428571428
2017-10-31,125.28571428571429
2017-11-01,124.57142857142857
2017-11-02,120.28571428571429
2017-11-03,109.57142857142857
2017-11-04,82.85714285714286
2017-11-05,85.57142857142857
2017-11-06,106.42857142857143
2017-11-07,127.42857142857143
2017-11-08,127.0
2017-11-09,115.85714285714286
2017-11-10,117.71428571428571
2017-11-11,118.0
2017-11-12,111.28571428571429
2017-11-13,107.57142857142857
2017-11-14,90.28571428571429
2017-11-15,77.28571428571429
2017-11-16,77.0
2017-11-17,79.0
2017-11-18,84.71428571428571
2017-11-19,89.42857142857143
2017-11-20,93.57142857142857
2017-11-21,108.42857142857143
2017-11-22,129.42857142857142
2017-11-23,125.57142857142857
2017-11-24,108.85714285714286
2017-11-25,107.14285714285714
2017-11-26,113.57142857142857
2017-11-27,94.71428571428571
2017-11-28,90.85714285714286
2017-11-29,77.71428571428571
2017-11-30,79.28571428571429
2017-12-01,85.85714285714286
2017-12-02,99.71428571428571
2017-12-03,112.57142857142857
2017-12-04,120.14285714285714
2017-12-05,102.14285714285714
2017-12-06,97.28571428571429
2017-12-07,102.57142857142857
2017-12-08,96.57142857142857
2017-12-09,84.57142857142857
2017-12-10,66.57142857142857
2017-12-11,58.285714285714285
2017-12-12,59.0
2017-12-13,57.0
2017-12-14,58.714285714285715
2017-12-15,76.14285714285714
2017-12-16,77.57142857142857
2017-12-17,69.71428571428571
2017-12-18,76.71428571428571
2017-12-19,78.85714285714286
2017-12-20,84.85714285714286
2017-12-21,79.85714285714286
2017-12-22,74.0
2017-12-23,76.85714285714286
2017-12-24,86.14285714285714
2017-12-25,81.85714285714286
2017-12-26,88.14285714285714
2017-12-27,85.0
2017-12-28,98.71428571428571
2017-12-29,107.85714285714286
2017-12-30,126.14285714285714
2017-12-31,135.57142857142858
2018-01-01,140.57142857142858
2018-01-02,142.14285714285714
2018-01-03,144.71428571428572
2018-01-04,128.57142857142858
2018-01-05,109.71428571428571
2018-01-06,89.28571428571429
2018-01-07,71.14285714285714
2018-01-08,73.85714285714286
2018-01-09,66.71428571428571
2018-01-10,58.857142857142854
2018-01-11,56.57142857142857
2018-01-12,54.857142857142854
2018-01-13,58.714285714285715
2018-01-14,76.0
2018-01-15,86.71428571428571
2018-01-16,91.71428571428571
2018-01-17,103.57142857142857
2018-01-18,115.0
2018-01-19,126.0
2018-01-20,131.71428571428572
2018-01-21,122.28571428571429
2018-01-22,110.85714285714286
2018-01-23,108.0
2018-01-24,97.0
2018-01-25,88.57142857142857
2018-01-26,77.0
2018-01-27,65.85714285714286
2018-01-28,76.0
2018-01-29,66.71428571428571
2018-01-30,62.42857142857143
2018-01-31,63.0
2018-02-01,65.0
2018-02-02,73.28571428571429
2018-02-03,67.42857142857143
2018-02-04,48.142857142857146
2018-02-05,51.0
2018-02-06,50.0
2018-02-07,58.142857142857146
2018-02-08,60.857142857142854
2018-02-09,66.0
2018-02-10,76.0
2018-02-11,77.57142857142857
2018-02-12,75.85714285714286
2018-02-13,77.85714285714286
2018-02-14,82.42857142857143
2018-02-15,78.71428571428571
2018-02-16,74.28571428571429
2018-02-17,82.71428571428571
2018-02-18,99.28571428571429
2018-02-19,118.57142857142857
2018-02-20,140.42857142857142
2018-02-21,136.42857142857142
2018-02-22,145.0
2018-02-23,139.28571428571428
2018-02-24,126.42857142857143
2018-02-25,115.71428571428571
2018-02-26,107.71428571428571
2018-02-27,106.0
2018-02-28,123.85714285714286
2018-03-01,130.28571428571428
2018-03-02,129.85714285714286
2018-03-03,141.57142857142858
2018-03-04,161.28571428571428
2018-03-05,162.85714285714286
2018-03-06,155.14285714285714
2018-03-07,139.42857142857142
2018-03-08,133.57142857142858
2018-03-09,141.42857142857142
2018-03-10,143.28571428571428
2018-03-11,136.57142857142858
2018-03-12,138.0
2018-03-13,147.71428571428572
2018-03-14,170.14285714285714
2018-03-15,189.57142857142858
2018-03-16,183.28571428571428
2018-03-17,171.42857142857142
2018-03-18,166.14285714285714
2018-03-19,169.85714285714286
2018-03-20,161.14285714285714
2018-03-21,132.85714285714286
2018-03-22,116.42857142857143
2018-03-23,130.71428571428572
2018-03-24,143.85714285714286
2018-03-25,142.85714285714286
2018-03-26,144.14285714285714
2018-03-27,157.28571428571428
2018-03-28,174.14285714285714
2018-03-29,169.42857142857142
2018-03-30,162.28571428571428
2018-03-31,161.71428571428572
2018-04-01,174.71428571428572
2018-04-02,184.85714285714286
2018-04-03,159.85714285714286
2018-04-04,142.57142857142858
2018-04-05,145.42857142857142
2018-04-06,137.85714285714286
2018-04-07,120.42857142857143
2018-04-08,104.0
2018-04-09,90.57142857142857
2018-04-10,98.42857142857143
2018-04-11,105.0
2018-04-12,104.71428571428571
2018-04-13,113.85714285714286
2018-04-14,125.0
2018-04-15,125.0
2018-04-16,126.42857142857143
2018-04-17,135.28571428571428
2018-04-18,142.42857142857142
2018-04-19,149.85714285714286
2018-04-20,158.28571428571428
2018-04-21,157.0
2018-04-22,148.14285714285714
2018-04-23,132.57142857142858
2018-04-24,118.28571428571429
2018-04-25,108.0
2018-04-26,106.71428571428571
2018-04-27,98.71428571428571
2018-04-28,104.14285714285714
2018-04-29,126.42857142857143
2018-04-30,130.71428571428572
2018-05-01,138.0
2018-05-02,133.85714285714286
2018-05-03,120.14285714285714
2018-05-04,123.14285714285714
2018-05-05,123.85714285714286
2018-05-06,115.0
2018-05-07,125.28571428571429
2018-05-08,123.57142857142857
2018-05-09,133.85714285714286
2018-05-10,147.85714285714286
2018-05-11,149.0
2018-05-12,152.14285714285714
2018-05-13,149.85714285714286
2018-05-14,153.28571428571428
2018-05-15,159.71428571428572
2018-05-16,165.14285714285714
2018-05-17,156.71428571428572
2018-05-18,144.85714285714286
2018-05-19,133.14285714285714
2018-05-20,131.42857142857142
2018-05-21,125.85714285714286
2018-05-22,122.28571428571429
2018-05-23,120.14285714285714
2018-05-24,127.0
2018-05-25,138.85714285714286
2018-05-26,150.42857142857142
2018-05-27,157.0
2018-05-28,153.42857142857142
2018-05-29,144.57142857142858
2018-05-30,136.42857142857142
2018-05-31,130.14285714285714
2018-06-01,125.0
2018-06-02,119.57142857142857
2018-06-03,118.71428571428571
2018-06-04,117.71428571428571
2018-06-05,124.71428571428571
2018-06-06,130.85714285714286
2018-06-07,128.71428571428572
2018-06-08,121.0
2018-06-09,109.0
2018-06-10,103.42857142857143
2018-06-11,108.0
2018-06-12,114.28571428571429
2018-06-13,109.0
2018-06-14,107.85714285714286
2018-06-15,120.85714285714286
2018-06-16,133.42857142857142
2018-06-17,134.14285714285714
2018-06-18,134.71428571428572
2018-06-19,130.14285714285714
2018-06-20,129.57142857142858
2018-06-21,129.42857142857142
2018-06-22,125.71428571428571
2018-06-23,122.28571428571429
2018-06-24,122.0
2018-06-25,121.14285714285714
2018-06-26,127.14285714285714
2018-06-27,122.14285714285714
2018-06-28,112.42857142857143
2018-06-29,102.28571428571429
2018-06-30,96.85714285714286
2018-07-01,96.71428571428571
2018-07-02,105.0
2018-07-03,109.85714285714286
2018-07-04,112.57142857142857
2018-07-05,123.14285714285714
2018-07-06,127.0
2018-07-07,126.85714285714286
2018-07-08,122.28571428571429
2018-07-09,108.14285714285714
2018-07-10,90.0
2018-07-11,86.14285714285714
2018-07-12,84.28571428571429
2018-07-13,85.28571428571429
2018-07-14,86.71428571428571
2018-07-15,91.85714285714286
2018-07-16,85.42857142857143
2018-07-17,80.85714285714286
2018-07-18,92.0
2018-07-19,96.57142857142857
2018-07-20,102.57142857142857
2018-07-21,106.0
2018-07-22,102.14285714285714
2018-07-23,109.42857142857143
2018-07-24,109.42857142857143
2018-07-25,93.0
2018-07-26,81.85714285714286
2018-07-27,76.28571428571429
2018-07-28,75.57142857142857
2018-07-29,84.42857142857143
2018-07-30,89.14285714285714
2018-07-31,101.85714285714286
2018-08-01,117.0
2018-08-02,134.42857142857142
2018-08-03,138.57142857142858
2018-08-04,142.14285714285714
2018-08-05,132.14285714285714
2018-08-06,124.85714285714286
2018-08-07,123.14285714285714
2018-08-08,112.71428571428571
2018-08-09,100.14285714285714
2018-08-10,94.71428571428571
2018-08-11,89.57142857142857
2018-08-12,96.42857142857143
2018-08-13,98.42857142857143
2018-08-14,92.42857142857143
2018-08-15,90.14285714285714
2018-08-16,86.0
2018-08-17,87.0
2018-08-18,78.28571428571429
2018-08-19,67.57142857142857
2018-08-20,62.857142857142854
2018-08-21,57.142857142857146
2018-08-22,59.57142857142857
2018-08-23,61.57142857142857
2018-08-24,53.57142857142857
2018-08-25,57.57142857142857
2018-08-26,68.0
2018-08-27,76.71428571428571
2018-08-28,88.85714285714286
2018-08-29,83.57142857142857
2018-08-30,83.28571428571429
2018-08-31,84.57142857142857
2018-09-01,90.0
2018-09-02,86.14285714285714
2018-09-03,78.85714285714286
2018-09-04,65.0
2018-09-05,67.71428571428571
2018-09-06,64.85714285714286
2018-09-07,61.0
2018-09-08,49.0
2018-09-09,44.57142857142857
2018-09-10,49.285714285714285
2018-09-11,60.142857142857146
2018-09-12,69.57142857142857
2018-09-13,87.0
2018-09-14,108.14285714285714
2018-09-15,110.0
2018-09-16,103.28571428571429
2018-09-17,93.42857142857143
2018-09-18,87.42857142857143
2018-09-19,83.28571428571429
2018-09-20,77.28571428571429
2018-09-21,60.0
2018-09-22,56.42857142857143
2018-09-23,56.42857142857143
2018-09-24,54.0
2018-09-25,54.714285714285715
2018-09-26,56.285714285714285
2018-09-27,60.42857142857143
2018-09-28,72.28571428571429
2018-09-29,73.71428571428571
2018-09-30,73.0
2018-10-01,73.42857142857143
2018-10-02,69.14285714285714
2018-10-03,63.285714285714285
2018-10-04,59.0
2018-10-05,63.285714285714285
2018-10-06,63.57142857142857
2018-10-07,66.14285714285714
2018-10-08,68.42857142857143
2018-10-09,65.71428571428571
2018-10-10,62.42857142857143
2018-10-11,50.714285714285715
2018-10-12,43.0
2018-10-13,62.42857142857143
2018-10-14,85.57142857142857
2018-10-15,107.85714285714286
2018-10-16,125.14285714285714
2018-10-17,134.85714285714286
2018-10-18,144.57142857142858
2018-10-19,145.85714285714286
2018-10-20,144.14285714285714
2018-10-21,142.14285714285714
2018-10-22,143.14285714285714
2018-10-23,129.57142857142858
2018-10-24,133.71428571428572
2018-10-25,142.71428571428572
2018-10-26,129.71428571428572
2018-10-27,113.85714285714286
2018-10-29,89.71428571428571
2018-10-30,62.57142857142857
2018-10-31,62.42857142857143
2018-11-01,56.42857142857143
2018-11-02,49.714285714285715
2018-11-03,73.0
2018-11-04,96.28571428571429
2018-11-05,112.42857142857143
2018-11-06,119.0
2018-11-07,120.14285714285714
2018-11-08,120.0
2018-11-09,125.71428571428571
2018-11-10,111.85714285714286
2018-11-11,89.42857142857143
2018-11-12,87.85714285714286
2018-11-13,103.42857142857143
2018-11-14,129.71428571428572
2018-11-15,156.85714285714286
2018-11-16,148.85714285714286
2018-11-17,140.85714285714286
2018-11-18,149.71428571428572
2018-11-19,146.14285714285714
2018-11-20,138.42857142857142
2018-11-21,120.57142857142857
2018-11-22,92.42857142857143
2018-11-23,91.0
2018-11-24,107.57142857142857
2018-11-25,114.28571428571429
2018-11-26,125.14285714285714
2018-11-27,149.85714285714286
2018-11-28,150.85714285714286
2018-11-29,161.0
2018-11-30,168.0
2018-12-01,175.14285714285714
2018-12-02,181.0
2018-12-03,190.0
2018-12-04,166.28571428571428
2018-12-05,157.0
2018-12-06,153.57142857142858
2018-12-07,138.71428571428572
2018-12-08,114.0
2018-12-09,90.42857142857143
2018-12-10,72.28571428571429
2018-12-11,74.42857142857143
2018-12-12,77.28571428571429
2018-12-13,72.14285714285714
2018-12-14,73.71428571428571
2018-12-15,85.85714285714286
2018-12-16,105.71428571428571
2018-12-17,108.0
2018-12-18,101.71428571428571
2018-12-19,104.28571428571429
2018-12-20,104.28571428571429
2018-12-21,115.71428571428571
2018-12-22,120.28571428571429
2018-12-23,110.0
2018-12-24,98.42857142857143
2018-12-25,101.85714285714286
2018-12-26,101.0
2018-12-27,93.42857142857143
2018-12-28,80.28571428571429
2018-12-29,64.57142857142857
2018-12-30,55.714285714285715
2018-12-31,56.714285714285715
2019-01-02,55.57142857142857
2019-01-03,60.285714285714285
2019-01-04,84.71428571428571
2019-01-05,88.85714285714286
2019-01-06,91.28571428571429
2019-01-07,106.85714285714286
2019-01-08,113.57142857142857
2019-01-09,104.14285714285714
2019-01-10,104.57142857142857
2019-01-11,99.14285714285714
2019-01-12,116.71428571428571
2019-01-13,149.57142857142858
2019-01-14,157.28571428571428
2019-01-15,173.28571428571428
2019-01-16,172.14285714285714
2019-01-17,171.71428571428572
2019-01-18,165.42857142857142
2019-01-19,162.14285714285714
2019-01-20,129.28571428571428
2019-01-21,106.71428571428571
2019-01-22,89.28571428571429
2019-01-23,96.57142857142857
2019-01-24,90.71428571428571
2019-01-25,99.85714285714286
2019-01-26,84.14285714285714
2019-01-27,86.71428571428571
2019-01-28,99.0
2019-01-29,99.0
2019-01-30,111.85714285714286
2019-01-31,112.14285714285714
2019-02-01,92.42857142857143
2019-02-02,103.0
2019-02-03,119.57142857142857
2019-02-04,115.0
2019-02-05,119.85714285714286
2019-02-06,119.28571428571429
2019-02-07,128.14285714285714
2019-02-08,127.0
2019-02-09,120.28571428571429
2019-02-10,99.14285714285714
2019-02-11,97.14285714285714
2019-02-12,96.14285714285714
2019-02-13,82.85714285714286
2019-02-14,73.42857142857143
2019-02-15,86.71428571428571
2019-02-16,81.28571428571429
2019-02-17,81.28571428571429
2019-02-18,76.42857142857143
2019-02-19,74.14285714285714
2019-02-20,86.85714285714286
2019-02-21,89.57142857142857
2019-02-22,95.71428571428571
2019-02-23,117.57142857142857
2019-02-24,144.85714285714286
2019-02-25,159.71428571428572
2019-02-26,167.57142857142858
2019-02-27,162.42857142857142
2019-02-28,173.57142857142858
2019-03-01,172.0
2019-03-02,172.28571428571428
2019-03-03,175.28571428571428
2019-03-04,184.14285714285714
2019-03-05,187.14285714285714
2019-03-06,188.28571428571428
2019-03-07,168.85714285714286
2019-03-08,154.71428571428572
2019-03-09,148.0
2019-03-10,136.0
2019-03-11,131.42857142857142
2019-03-12,116.0
2019-03-13,99.0
2019-03-14,99.0
2019-03-15,94.42857142857143
2019-03-16,79.14285714285714
2019-03-17,67.0
2019-03-18,59.42857142857143
2019-03-19,75.28571428571429
2019-03-20,98.85714285714286
2019-03-21,115.57142857142857
2019-03-22,117.71428571428571
2019-03-23,116.28571428571429
2019-03-24,111.28571428571429
2019-03-25,108.28571428571429
2019-03-26,97.42857142857143
2019-03-27,86.71428571428571
2019-03-28,85.42857142857143
2019-03-29,93.85714285714286
2019-03-30,99.14285714285714
2019-03-31,98.42857142857143
2019-04-01,90.28571428571429
2019-04-02,89.57142857142857
2019-04-03,93.0
2019-04-04,93.71428571428571
2019-04-05,93.71428571428571
2019-04-06,101.28571428571429
2019-04-07,114.28571428571429
2019-04-08,121.71428571428571
2019-04-09,120.0
2019-04-10,112.28571428571429
2019-04-11,110.71428571428571
2019-04-12,116.85714285714286
2019-04-13,122.57142857142857
2019-04-14,113.71428571428571
2019-04-15,117.85714285714286
2019-04-16,129.0
2019-04-17,142.57142857142858
2019-04-18,140.14285714285714
2019-04-19,130.42857142857142
2019-04-20,124.57142857142857
2019-04-21,136.85714285714286
2019-04-22,143.0
2019-04-23,144.14285714285714
2019-04-24,132.85714285714286
2019-04-25,125.71428571428571
2019-04-26,129.42857142857142
2019-04-27,127.71428571428571
2019-04-28,124.71428571428571
2019-04-29,125.28571428571429
2019-04-30,125.14285714285714
2019-05-01,131.0
2019-05-02,151.42857142857142
2019-05-03,158.85714285714286
2019-05-04,163.85714285714286
2019-05-05,155.71428571428572
2019-05-06,141.28571428571428
2019-05-07,131.42857142857142
2019-05-08,129.57142857142858
2019-05-09,115.42857142857143
2019-05-10,112.42857142857143
2019-05-11,114.85714285714286
2019-05-12,129.57142857142858
2019-05-13,130.57142857142858
2019-05-14,136.71428571428572
2019-05-15,142.85714285714286
2019-05-16,148.57142857142858
2019-05-17,151.71428571428572
2019-05-18,143.71428571428572
2019-05-19,130.42857142857142
2019-05-20,127.42857142857143
2019-05-21,118.71428571428571
2019-05-22,108.85714285714286
2019-05-23,102.0
2019-05-24,98.14285714285714
2019-05-25,104.28571428571429
2019-05-26,106.57142857142857
2019-05-27,103.14285714285714
2019-05-28,100.42857142857143
2019-05-29,98.42857142857143
2019-05-30,96.0
2019-05-31,86.42857142857143
2019-06-01,81.14285714285714
2019-06-02,85.28571428571429
2019-06-03,94.28571428571429
2019-06-04,107.0
2019-06-05,116.85714285714286
2019-06-06,123.57142857142857
2019-06-07,135.42857142857142
2019-06-08,134.0
2019-06-09,119.42857142857143
2019-06-10,118.28571428571429
2019-06-11,115.71428571428571
2019-06-12,109.57142857142857
2019-06-13,102.0
2019-06-14,95.0
2019-06-15,91.28571428571429
2019-06-16,99.14285714285714
2019-06-17,105.0
2019-06-18,108.71428571428571
2019-06-19,114.85714285714286
2019-06-20,123.57142857142857
2019-06-21,127.57142857142857
2019-06-22,127.42857142857143
2019-06-23,132.42857142857142
2019-06-24,129.14285714285714
2019-06-25,125.71428571428571
2019-06-26,120.57142857142857
2019-06-27,120.0
2019-06-28,112.14285714285714
2019-06-29,109.0
2019-06-30,94.14285714285714
2019-07-01,82.71428571428571
2019-07-02,75.42857142857143
2019-07-03,70.0
2019-07-04,66.42857142857143
2019-07-05,69.28571428571429
2019-07-06,66.57142857142857
2019-07-07,71.71428571428571
2019-07-08,79.14285714285714
2019-07-09,81.42857142857143
2019-07-10,90.85714285714286
2019-07-11,86.71428571428571
2019-07-12,84.28571428571429
2019-07-13,101.42857142857143
2019-07-14,102.57142857142857
2019-07-15,111.57142857142857
2019-07-16,112.0
2019-07-17,109.71428571428571
2019-07-18,119.71428571428571
2019-07-19,129.0
2019-07-20,126.85714285714286
2019-07-21,140.0
2019-07-22,142.71428571428572
2019-07-23,140.42857142857142
2019-07-24,133.57142857142858
2019-07-25,121.14285714285714
2019-07-26,115.42857142857143
2019-07-27,118.85714285714286
2019-07-28,116.57142857142857
2019-07-29,99.85714285714286
2019-07-30,100.57142857142857
2019-07-31,98.14285714285714
2019-08-01,100.14285714285714
2019-08-02,98.85714285714286
2019-08-03,91.57142857142857
2019-08-04,88.42857142857143
2019-08-05,96.42857142857143
2019-08-06,102.28571428571429
2019-08-07,102.28571428571429
2019-08-08,106.0
2019-08-09,109.42857142857143
2019-08-10,105.14285714285714
2019-08-11,96.71428571428571
2019-08-12,86.0
2019-08-13,70.85714285714286
2019-08-14,72.28571428571429
2019-08-15,65.57142857142857
2019-08-16,53.0
2019-08-17,46.714285714285715
2019-08-18,47.142857142857146
2019-08-19,58.285714285714285
2019-08-20,72.42857142857143
2019-08-21,74.14285714285714
2019-08-22,73.42857142857143
2019-08-23,75.57142857142857
2019-08-24,78.85714285714286
2019-08-25,82.0
2019-08-26,89.85714285714286
2019-08-27,83.57142857142857
2019-08-28,72.85714285714286
2019-08-29,67.0
2019-08-30,64.85714285714286
2019-08-31,63.42857142857143
2019-09-01,61.57142857142857
2019-09-02,49.42857142857143
2019-09-03,57.285714285714285
2019-09-04,74.14285714285714
2019-09-05,88.71428571428571
2019-09-06,103.71428571428571
2019-09-07,114.28571428571429
2019-09-08,119.71428571428571
2019-09-09,131.14285714285714
2019-09-10,117.42857142857143
2019-09-11,107.42857142857143
2019-09-12,100.42857142857143
2019-09-13,92.57142857142857
2019-09-14,82.28571428571429
2019-09-15,81.57142857142857
2019-09-16,68.57142857142857
2019-09-17,81.28571428571429
2019-09-18,76.0
2019-09-19,78.14285714285714
2019-09-20,82.57142857142857
2019-09-21,95.42857142857143
2019-09-22,103.71428571428571
2019-09-23,107.28571428571429
2019-09-24,96.14285714285714
2019-09-25,103.14285714285714
2019-09-26,107.0
2019-09-27,109.85714285714286
2019-09-28,110.85714285714286
2019-09-29,114.14285714285714
2019-09-30,123.57142857142857
2019-10-01,134.57142857142858
2019-10-02,143.28571428571428
2019-10-03,148.42857142857142
2019-10-04,136.28571428571428
2019-10-05,119.28571428571429
2019-10-06,104.71428571428571
2019-10-07,100.0
2019-10-08,86.57142857142857
2019-10-09,80.0
2019-10-10,77.57142857142857
2019-10-11,87.28571428571429
2019-10-12,96.42857142857143
2019-10-13,96.42857142857143
2019-10-14,84.28571428571429
2019-10-15,88.85714285714286
2019-10-16,88.14285714285714
2019-10-17,91.42857142857143
2019-10-18,97.42857142857143
2019-10-19,112.57142857142857
2019-10-20,123.14285714285714
2019-10-21,126.14285714285714
2019-10-22,134.42857142857142
2019-10-23,145.42857142857142
2019-10-24,146.71428571428572
2019-10-25,134.57142857142858
2019-10-26,119.85714285714286
2019-10-28,118.57142857142857
2019-10-29,122.42857142857143
2019-10-30,119.57142857142857
2019-10-31,117.71428571428571
2019-11-01,111.71428571428571
2019-11-02,114.42857142857143
2019-11-03,112.14285714285714
2019-11-04,105.28571428571429
2019-11-05,112.28571428571429
2019-11-06,114.28571428571429
2019-11-07,109.42857142857143
2019-11-08,103.85714285714286
2019-11-09,108.28571428571429
2019-11-10,119.71428571428571
2019-11-11,120.0
2019-11-12,110.0
2019-11-13,113.57142857142857
2019-11-14,103.28571428571429
2019-11-15,104.0
2019-11-16,101.14285714285714
2019-11-17,97.28571428571429
2019-11-18,103.0
2019-11-19,103.28571428571429
2019-11-20,93.0
2019-11-21,108.57142857142857
2019-11-22,120.85714285714286
2019-11-23,134.71428571428572
2019-11-24,143.57142857142858
2019-11-25,129.71428571428572
2019-11-26,127.42857142857143
2019-11-27,135.14285714285714
2019-11-28,118.0
2019-11-29,111.14285714285714
2019-11-30,103.28571428571429
2019-12-01,92.42857142857143
2019-12-02,93.85714285714286
2019-12-03,92.14285714285714
2019-12-04,83.28571428571429
2019-12-05,85.71428571428571
2019-12-06,78.71428571428571
2019-12-07,77.0
2019-12-08,79.28571428571429
2019-12-09,102.14285714285714
2019-12-10,129.85714285714286
2019-12-11,142.85714285714286
2019-12-12,140.57142857142858
2019-12-13,139.0
2019-12-14,132.0
2019-12-15,121.14285714285714
2019-12-16,111.57142857142857
2019-12-17,100.57142857142857
2019-12-18,85.0
2019-12-19,88.85714285714286
2019-12-20,87.0
2019-12-21,84.42857142857143
2019-12-22,94.28571428571429
2019-12-23,96.0
2019-12-24,88.57142857142857
2019-12-25,105.57142857142857
2019-12-26,114.71428571428571
2019-12-27,116.0
2019-12-28,123.57142857142857
2019-12-29,126.71428571428571
2019-12-30,126.57142857142857
2020-01-02,124.42857142857143
2020-01-03,119.85714285714286
2020-01-04,119.28571428571429
2020-01-05,124.57142857142857
2020-01-06,129.57142857142858
2020-01-07,129.14285714285714
2020-01-08,115.0
2020-01-09,110.71428571428571
2020-01-10,110.0
2020-01-11,104.14285714285714
2020-01-12,96.85714285714286
2020-01-13,84.71428571428571
2020-01-14,70.71428571428571
2020-01-15,71.42857142857143
2020-01-16,80.57142857142857
2020-01-17,77.71428571428571
2020-01-18,89.42857142857143
2020-01-19,118.57142857142857
2020-01-20,122.42857142857143
2020-01-21,120.85714285714286
2020-01-22,130.85714285714286
2020-01-23,135.28571428571428
2020-01-24,138.0
2020-01-25,136.42857142857142
2020-01-26,130.0
2020-01-27,149.57142857142858
2020-01-28,177.42857142857142
2020-01-29,193.57142857142858
2020-01-30,193.0
2020-01-31,194.0
2020-02-01,189.14285714285714
2020-02-02,164.0
2020-02-03,143.14285714285714
2020-02-04,120.85714285714286
2020-02-05,91.28571428571429
2020-02-06,81.71428571428571
2020-02-07,79.71428571428571
2020-02-08,85.42857142857143
2020-02-09,99.28571428571429
2020-02-10,114.71428571428571
2020-02-11,131.28571428571428
2020-02-12,160.71428571428572
2020-02-13,184.42857142857142
2020-02-14,204.71428571428572
2020-02-15,197.85714285714286
2020-02-16,183.85714285714286
2020-02-17,158.85714285714286
2020-02-18,134.85714285714286
2020-02-19,107.85714285714286
2020-02-20,89.71428571428571
2020-02-21,77.57142857142857
2020-02-22,80.85714285714286
2020-02-23,80.28571428571429
2020-02-24,93.42857142857143
2020-02-25,111.0
2020-02-26,121.28571428571429
2020-02-27,116.71428571428571
2020-02-28,102.85714285714286
2020-02-29,103.28571428571429
2020-03-01,123.57142857142857
2020-03-02,118.14285714285714
2020-03-03,108.14285714285714
2020-03-04,104.14285714285714
2020-03-05,97.42857142857143
2020-03-06,101.85714285714286
2020-03-07,106.14285714285714
2020-03-08,101.57142857142857
2020-03-09,115.71428571428571
2020-03-10,122.71428571428571
2020-03-11,116.0
2020-03-12,122.42857142857143
2020-03-13,117.28571428571429
2020-03-14,99.28571428571429
2020-03-15,85.14285714285714
2020-03-16,65.57142857142857
2020-03-17,59.57142857142857
2020-03-18,66.42857142857143
2020-03-19,70.28571428571429
2020-03-20,65.28571428571429
2020-03-21,72.71428571428571
2020-03-22,79.85714285714286
2020-03-23,89.0
2020-03-24,91.14285714285714
2020-03-25,94.14285714285714
2020-03-26,104.57142857142857
2020-03-27,104.57142857142857
2020-03-28,93.57142857142857
2020-03-29,98.71428571428571
2020-03-30,107.0
2020-03-31,114.0
2020-04-01,101.71428571428571
2020-04-02,82.85714285714286
2020-04-03,86.28571428571429
2020-04-04,95.71428571428571
2020-04-05,90.57142857142857
2020-04-06,90.0
2020-04-07,86.42857142857143
2020-04-08,92.28571428571429
2020-04-09,98.42857142857143
2020-04-10,106.14285714285714
2020-04-11,105.57142857142857
2020-04-12,103.14285714285714
2020-04-13,94.0
2020-04-14,97.85714285714286
2020-04-15,108.57142857142857
2020-04-16,105.71428571428571
2020-04-17,100.42857142857143
2020-04-18,103.42857142857143
2020-04-19,111.0
2020-04-20,104.0
2020-04-21,87.85714285714286
2020-04-22,71.42857142857143
2020-04-23,64.57142857142857
2020-04-24,62.42857142857143
2020-04-25,56.0
2020-04-26,52.0
2020-04-27,66.57142857142857
2020-04-28,83.28571428571429
2020-04-29,99.57142857142857
2020-04-30,121.0
2020-05-01,138.71428571428572
2020-05-02,152.14285714285714
2020-05-03,159.14285714285714
2020-05-04,154.57142857142858
2020-05-05,153.57142857142858
2020-05-06,155.0
2020-05-07,151.42857142857142
2020-05-08,139.71428571428572
2020-05-09,132.71428571428572
2020-05-10,122.57142857142857
2020-05-11,114.71428571428571
2020-05-12,102.28571428571429
2020-05-13,94.85714285714286
2020-05-14,85.57142857142857
2020-05-15,86.71428571428571
2020-05-16,90.14285714285714
2020-05-17,89.28571428571429
2020-05-18,87.42857142857143
2020-05-19,88.14285714285714
2020-05-20,82.57142857142857
2020-05-21,92.28571428571429
2020-05-22,93.57142857142857
2020-05-23,79.57142857142857
2020-05-24,75.71428571428571
2020-05-25,76.0
2020-05-26,72.14285714285714
2020-05-27,67.14285714285714
2020-05-28,59.857142857142854
2020-05-29,63.57142857142857
2020-05-30,78.28571428571429
2020-05-31,80.71428571428571
2020-06-01,85.71428571428571
2020-06-02,91.28571428571429
2020-06-03,104.57142857142857
2020-06-04,94.57142857142857
2020-06-05,80.85714285714286
2020-06-06,73.85714285714286
2020-06-07,79.57142857142857
2020-06-08,87.57142857142857
2020-06-09,93.0
2020-06-10,94.71428571428571
2020-06-11,108.28571428571429
2020-06-12,114.42857142857143
2020-06-13,121.0
2020-06-14,111.71428571428571
2020-06-15,100.85714285714286
2020-06-16,99.71428571428571
2020-06-17,89.0
2020-06-18,81.0
2020-06-19,78.14285714285714
2020-06-20,75.57142857142857
2020-06-21,84.28571428571429
2020-06-22,94.42857142857143
2020-06-23,97.0
2020-06-24,97.85714285714286
2020-06-25,100.71428571428571
2020-06-26,102.57142857142857
2020-06-27,110.42857142857143
2020-06-28,116.28571428571429
2020-06-29,111.14285714285714
2020-06-30,101.85714285714286
2020-07-01,104.14285714285714
2020-07-02,103.0
2020-07-03,108.85714285714286
2020-07-04,102.42857142857143
2020-07-05,94.42857142857143
2020-07-06,90.42857142857143
2020-07-07,89.57142857142857
2020-07-08,92.28571428571429
2020-07-09,93.0
2020-07-10,93.85714285714286
2020-07-11,101.14285714285714
2020-07-12,114.71428571428571
2020-07-13,124.28571428571429
2020-07-14,130.71428571428572
2020-07-15,131.42857142857142
2020-07-16,135.85714285714286
2020-07-17,134.71428571428572
2020-07-18,127.71428571428571
2020-07-19,116.28571428571429
2020-07-20,114.0
2020-07-21,113.71428571428571
2020-07-22,114.85714285714286
2020-07-23,110.85714285714286
2020-07-24,104.0
2020-07-25,99.14285714285714
2020-07-26,97.42857142857143
2020-07-27,102.28571428571429
2020-07-28,109.57142857142857
2020-07-29,114.28571428571429
2020-07-30,120.42857142857143
2020-07-31,126.0
2020-08-01,129.57142857142858
2020-08-02,127.28571428571429
2020-08-03,115.57142857142857
2020-08-04,104.28571428571429
2020-08-05,98.28571428571429
2020-08-06,92.85714285714286
2020-08-07,86.28571428571429
2020-08-08,81.0
2020-08-09,81.85714285714286
2020-08-10,80.57142857142857
2020-08-11,84.85714285714286
2020-08-12,83.57142857142857
2020-08-13,76.0
2020-08-14,79.14285714285714
2020-08-15,84.14285714285714
2020-08-16,90.57142857142857
2020-08-17,100.0
2020-08-18,98.28571428571429
2020-08-19,89.85714285714286
2020-08-20,92.57142857142857
2020-08-21,89.85714285714286
2020-08-22,90.28571428571429
2020-08-23,94.0
2020-08-24,82.14285714285714
2020-08-25,79.42857142857143
2020-08-26,93.14285714285714
2020-08-27,98.85714285714286
2020-08-28,96.71428571428571
2020-08-29,101.0
2020-08-30,100.14285714285714
2020-08-31,102.28571428571429
2020-09-01,99.57142857142857
2020-09-02,87.71428571428571
2020-09-03,76.28571428571429
2020-09-04,75.71428571428571
2020-09-05,67.42857142857143
2020-09-06,70.14285714285714
2020-09-07,71.14285714285714
2020-09-08,68.42857142857143
2020-09-09,66.0
2020-09-10,65.71428571428571
2020-09-11,61.285714285714285
2020-09-12,55.857142857142854
2020-09-13,45.0
2020-09-14,54.42857142857143
2020-09-15,64.14285714285714
2020-09-16,63.0
2020-09-17,63.0
2020-09-18,65.71428571428571
2020-09-19,67.28571428571429
2020-09-20,62.57142857142857
2020-09-21,60.0
2020-09-22,57.57142857142857
2020-09-23,69.71428571428571
2020-09-24,79.28571428571429
2020-09-25,90.14285714285714
2020-09-26,103.57142857142857
2020-09-27,119.28571428571429
2020-09-28,127.14285714285714
2020-09-29,124.0
2020-09-30,117.28571428571429
2020-10-01,122.57142857142857
2020-10-02,109.28571428571429
2020-10-03,98.57142857142857
2020-10-04,80.14285714285714
2020-10-05,60.714285714285715
2020-10-06,64.14285714285714
2020-10-07,76.0
2020-10-08,80.28571428571429
2020-10-09,101.71428571428571
2020-10-10,119.0
2020-10-11,127.42857142857143
2020-10-12,128.85714285714286
2020-10-13,124.42857142857143
2020-10-14,108.85714285714286
2020-10-15,101.42857142857143
2020-10-16,84.14285714285714
2020-10-17,65.0
2020-10-18,66.57142857142857
2020-10-19,80.14285714285714
2020-10-20,99.57142857142857
2020-10-21,109.0
2020-10-22,99.85714285714286
2020-10-23,97.14285714285714
2020-10-24,101.28571428571429
2020-10-26,111.57142857142857
2020-10-27,115.0
2020-10-28,92.85714285714286
2020-10-29,86.71428571428571
2020-10-30,96.14285714285714
2020-10-31,110.85714285714286
2020-11-01,121.0
2020-11-02,105.28571428571429
2020-11-03,87.42857142857143
2020-11-04,89.28571428571429
2020-11-05,97.42857142857143
2020-11-06,106.28571428571429
2020-11-07,107.71428571428571
2020-11-08,97.28571428571429
2020-11-09,96.14285714285714
2020-11-10,102.14285714285714
2020-11-11,111.57142857142857
2020-11-12,121.85714285714286
2020-11-13,117.28571428571429
2020-11-14,105.14285714285714
2020-11-15,111.28571428571429
2020-11-16,128.42857142857142
2020-11-17,143.0
2020-11-18,152.57142857142858
2020-11-19,140.85714285714286
2020-11-20,126.14285714285714
2020-11-21,122.42857142857143
2020-11-22,116.71428571428571
2020-11-23,98.57142857142857
2020-11-24,80.85714285714286
2020-11-25,68.28571428571429
2020-11-26,64.0
2020-11-27,67.42857142857143
2020-11-28,70.28571428571429
2020-11-29,64.28571428571429
2020-11-30,67.28571428571429
2020-12-01,69.0
2020-12-02,67.71428571428571
2020-12-03,66.14285714285714
2020-12-04,62.857142857142854
2020-12-05,59.857142857142854
2020-12-06,63.857142857142854
2020-12-07,70.42857142857143
2020-12-08,66.57142857142857
2020-12-09,65.14285714285714
2020-12-10,74.71428571428571
2020-12-11,90.71428571428571
2020-12-12,99.14285714285714
2020-12-13,110.28571428571429
2020-12-14,100.71428571428571
2020-12-15,101.71428571428571
2020-12-16,99.57142857142857
2020-12-17,90.42857142857143
2020-12-18,85.14285714285714
2020-12-19,77.71428571428571
2020-12-20,67.14285714285714
2020-12-21,73.28571428571429
2020-12-22,80.85714285714286
2020-12-23,91.57142857142857
2020-12-24,97.0
2020-12-25,90.28571428571429
2020-12-26,99.71428571428571
2020-12-27,107.71428571428571
2020-12-28,117.71428571428571
2020-12-29,122.85714285714286
2020-12-30,109.14285714285714
2020-12-31,97.57142857142857
2021-01-01,94.28571428571429
2021-01-02,90.85714285714286
2021-01-03,91.0
2021-01-04,77.0
2021-01-05,65.42857142857143
2021-01-06,67.28571428571429
2021-01-07,70.71428571428571
2021-01-08,70.28571428571429
2021-01-09,63.285714285714285
2021-01-10,49.42857142857143
2021-01-11,46.57142857142857
2021-01-12,49.142857142857146
2021-01-13,59.42857142857143
2021-01-14,71.71428571428571
2021-01-15,84.42857142857143
2021-01-16,94.85714285714286
2021-01-17,95.14285714285714
2021-01-18,98.85714285714286
2021-01-19,98.14285714285714
2021-01-20,94.42857142857143
2021-01-21,94.28571428571429
2021-01-22,98.85714285714286
2021-01-23,104.71428571428571
2021-01-24,119.57142857142857
2021-01-25,135.14285714285714
2021-01-26,152.71428571428572
2021-01-27,161.71428571428572
2021-01-28,156.71428571428572
2021-01-29,139.0
2021-01-30,128.42857142857142
2021-01-31,124.0
2021-02-01,121.0
2021-02-02,102.57142857142857
2021-02-03,88.0
2021-02-04,83.14285714285714
2021-02-05,93.71428571428571
2021-02-06,102.57142857142857
2021-02-07,100.85714285714286
2021-02-08,90.57142857142857
2021-02-09,97.28571428571429
2021-02-10,111.85714285714286
2021-02-11,126.0
2021-02-12,143.71428571428572
2021-02-13,162.42857142857142
2021-02-14,184.28571428571428
2021-02-15,196.42857142857142
2021-02-16,187.42857142857142
2021-02-17,169.57142857142858
2021-02-18,151.0
2021-02-19,129.42857142857142
2021-02-20,109.0
2021-02-21,90.85714285714286
2021-02-22,88.14285714285714
2021-02-23,93.71428571428571
2021-02-24,100.42857142857143
2021-02-25,112.28571428571429
2021-02-26,123.42857142857143
2021-02-27,132.57142857142858
2021-02-28,139.42857142857142
2021-03-01,142.71428571428572
2021-03-02,141.57142857142858
2021-03-03,150.42857142857142
2021-03-04,159.28571428571428
2021-03-05,165.42857142857142
2021-03-06,163.42857142857142
2021-03-07,146.71428571428572
2021-03-08,141.85714285714286
2021-03-09,154.14285714285714
2021-03-10,162.14285714285714
2021-03-11,170.42857142857142
2021-03-12,166.28571428571428
2021-03-13,166.28571428571428
2021-03-14,183.42857142857142
2021-03-15,192.71428571428572
2021-03-16,212.42857142857142
2021-03-17,197.57142857142858
2021-03-18,184.42857142857142
2021-03-19,180.0
2021-03-20,176.42857142857142
2021-03-21,164.0
2021-03-22,140.71428571428572
2021-03-23,111.0
2021-03-24,114.42857142857143
2021-03-25,111.0
2021-03-26,108.57142857142857
2021-03-27,116.14285714285714
2021-03-28,132.0
2021-03-29,136.85714285714286
2021-03-30,143.57142857142858
2021-03-31,144.71428571428572
2021-04-01,149.71428571428572
2021-04-02,144.28571428571428
2021-04-03,122.0
2021-04-04,96.42857142857143
2021-04-05,101.14285714285714
2021-04-06,95.14285714285714
2021-04-07,93.85714285714286
2021-04-08,84.28571428571429
2021-04-09,87.14285714285714
2021-04-10,101.57142857142857
2021-04-11,116.42857142857143
2021-04-12,117.0
2021-04-13,107.57142857142857
2021-04-14,104.28571428571429
2021-04-15,112.14285714285714
2021-04-16,111.71428571428571
2021-04-17,95.0
2021-04-18,89.14285714285714
2021-04-19,95.28571428571429
2021-04-20,108.71428571428571
2021-04-21,109.0
2021-04-22,102.14285714285714
2021-04-23,97.14285714285714
2021-04-24,103.42857142857143
2021-04-25,109.42857142857143
2021-04-26,103.57142857142857
2021-04-27,98.42857142857143
2021-04-28,92.0
2021-04-29,87.28571428571429
2021-04-30,85.0
2021-05-01,80.28571428571429
2021-05-02,68.57142857142857
2021-05-03,67.71428571428571
2021-05-04,62.857142857142854
2021-05-05,67.42857142857143
2021-05-06,81.71428571428571
2021-05-07,90.28571428571429
2021-05-08,101.0
2021-05-09,106.71428571428571
2021-05-10,103.42857142857143
2021-05-11,107.28571428571429
2021-05-12,103.85714285714286
2021-05-13,100.71428571428571
2021-05-14,100.0
2021-05-15,89.0
2021-05-16,78.28571428571429
2021-05-17,74.42857142857143
2021-05-18,74.28571428571429
2021-05-19,80.28571428571429
2021-05-20,75.85714285714286
2021-05-21,75.57142857142857
2021-05-22,82.14285714285714
2021-05-23,96.42857142857143
2021-05-24,97.57142857142857
2021-05-25,95.42857142857143
2021-05-26,89.57142857142857
2021-05-27,80.71428571428571
2021-05-28,67.42857142857143
2021-05-29,60.142857142857146
2021-05-30,53.0
2021-05-31,56.857142857142854
2021-06-01,55.42857142857143
2021-06-02,57.57142857142857
2021-06-03,52.714285714285715
2021-06-04,54.285714285714285
2021-06-05,54.714285714285715
2021-06-06,52.857142857142854
2021-06-07,50.714285714285715
2021-06-08,55.285714285714285
2021-06-09,56.42857142857143
2021-06-10,60.0
2021-06-11,64.0
2021-06-12,72.57142857142857
2021-06-13,81.85714285714286
2021-06-14,82.0
2021-06-15,80.28571428571429
2021-06-16,77.71428571428571
2021-06-17,77.14285714285714
2021-06-18,72.57142857142857
2021-06-19,63.42857142857143
2021-06-20,53.285714285714285
2021-06-21,53.0
2021-06-22,50.285714285714285
2021-06-23,50.714285714285715
2021-06-24,56.42857142857143
2021-06-25,67.85714285714286
2021-06-26,74.57142857142857
2021-06-27,79.71428571428571
2021-06-28,83.14285714285714
2021-06-29,86.85714285714286
2021-06-30,85.57142857142857
2021-07-01,81.14285714285714
2021-07-02,72.71428571428571
2021-07-03,65.71428571428571
2021-07-04,59.57142857142857
2021-07-05,53.142857142857146
2021-07-06,48.857142857142854
2021-07-07,52.285714285714285
2021-07-08,53.0
2021-07-09,55.142857142857146
2021-07-10,62.57142857142857
2021-07-11,67.57142857142857
2021-07-12,63.42857142857143
2021-07-13,62.42857142857143
2021-07-14,59.57142857142857
2021-07-15,62.857142857142854
2021-07-16,62.857142857142854
2021-07-17,57.57142857142857
2021-07-18,57.57142857142857
2021-07-19,62.142857142857146
2021-07-20,64.57142857142857
2021-07-21,63.714285714285715
2021-07-22,61.142857142857146
2021-07-23,61.0
2021-07-24,66.14285714285714
2021-07-25,68.0
2021-07-26,72.28571428571429
2021-07-27,70.57142857142857
2021-07-28,69.42857142857143
2021-07-29,67.85714285714286
2021-07-30,63.285714285714285
2021-07-31,59.857142857142854
2021-08-01,50.57142857142857
2021-08-02,40.857142857142854
2021-08-03,41.714285714285715
2021-08-04,48.0
2021-08-05,53.285714285714285
2021-08-06,62.0
2021-08-07,72.42857142857143
2021-08-08,86.0
2021-08-09,91.42857142857143
2021-08-10,91.57142857142857
2021-08-11,91.28571428571429
2021-08-12,91.42857142857143
2021-08-13,88.28571428571429
2021-08-14,79.57142857142857
2021-08-15,72.85714285714286
2021-08-16,76.42857142857143
2021-08-17,73.71428571428571
2021-08-18,68.85714285714286
2021-08-19,65.0
2021-08-20,60.285714285714285
2021-08-21,56.0
2021-08-22,61.42857142857143
2021-08-23,61.42857142857143
2021-08-24,61.142857142857146
2021-08-25,56.0
2021-08-26,51.285714285714285
2021-08-27,51.57142857142857
2021-08-28,51.0
2021-08-29,44.285714285714285
2021-08-30,44.42857142857143
2021-08-31,49.142857142857146
2021-09-01,54.42857142857143
2021-09-02,61.0
2021-09-03,69.0
2021-09-04,75.14285714285714
2021-09-05,74.71428571428571
2021-09-06,66.42857142857143
2021-09-07,63.42857142857143
2021-09-08,65.71428571428571
2021-09-09,69.42857142857143
2021-09-10,71.14285714285714
2021-09-11,78.57142857142857
2021-09-12,82.0
